{"cameraMode":{"drawMode":0,"name":"Shaded","section":"Shading Mode"},"sceneLighting":true,"audioPlay":false,"sceneViewState":{"m_AlwaysRefresh":false,"showFog":true,"showSkybox":true,"showFlares":true,"showImageEffects":true,"showParticleSystems":true,"showVisualEffectGraphs":true,"m_FxEnabled":true},"in2DMode":false,"pivot":{"x":-350.33306884765627,"y":1476.8070068359375,"z":-814.9905395507813},"rotation":{"x":0.47862717509269717,"y":0.24005143344402314,"z":-0.13789062201976777,"w":0.8332355618476868},"size":695.1151733398438,"orthographic":true}